channel,title,play_count,total_Time_Watched,asset_duration,avg_play_time,asset_id,,Percentage,VOD Revenue
Nosey,The Jerry Springer Show - Season - 5 - Episode - 79,4505,1174:47:24,0:37:44,0:15:39,JS-0101,"1,174.79",4.21%,$48.19
Nosey,The People's Court - Season - 19 - Episode - 17,2077,936:19:27,0:42:11,0:27:03,PE-2317,936.32,3.36%,$38.41
Nosey,The People's Court - Season - 19 - Episode - 1,2873,914:33:10,0:40:58,0:19:06,PE-2301,914.55,3.28%,$37.52
Nosey,The Jerry Springer Show - Season - 6 - Episode - 46,1789,874:39:55,0:40:42,0:29:20,JS-0113,874.67,3.13%,$35.88
Nosey,The People's Court - Season - 19 - Episode - 2,1404,712:54:00,0:40:51,0:30:28,PE-2302,712.9,2.55%,$29.25
Nosey,The Jerry Springer Show - Season - 7 - Episode - 5,1373,688:57:43,0:40:06,0:30:06,JS-0122,688.96,2.47%,$28.26
Nosey,The Jerry Springer Show - Season - 7 - Episode - 21,1124,594:12:01,0:40:43,0:31:43,JS-0123,594.2,2.13%,$24.38
Nosey,The People's Court - Season - 19 - Episode - 8,1133,591:31:05,0:40:52,0:31:19,PE-2308,591.52,2.12%,$24.27
Nosey,The Jerry Springer Show - Season - 7 - Episode - 62,982,518:01:36,0:40:32,0:31:39,JS-1706,518.03,1.86%,$21.25
Nosey,The People's Court - Season - 19 - Episode - 9,906,496:29:11,0:40:36,0:32:53,PE-2309,496.49,1.78%,$20.37
Nosey,The People's Court - Season - 21 - Episode - 6,1470,461:30:21,0:42:12,0:18:50,PE-2306,461.51,1.65%,$18.93
Nosey,The People's Court - Season - 19 - Episode - 10,868,451:53:05,0:40:40,0:31:14,PE-2310,451.88,1.62%,$18.54
Nosey,The People's Court - Season - 21 - Episode - 3,908,451:17:21,0:42:08,0:29:49,PE-2303,451.29,1.62%,$18.51
Nosey,The People's Court - Season - 19 - Episode - 18,859,440:02:58,0:40:42,0:30:44,PE-2318,440.05,1.58%,$18.05
Nosey,The People's Court - Season - 19 - Episode - 11,765,421:50:37,0:41:01,0:33:05,PE-2311,421.84,1.51%,$17.31
Nosey,The People's Court - Season - 19 - Episode - 19,741,409:40:57,0:41:15,0:33:10,PE-2319,409.68,1.47%,$16.81
Nosey,The Jerry Springer Show - Season - 7 - Episode - 66,818,406:08:54,0:40:15,0:29:47,JS-0127,406.15,1.46%,$16.66
Nosey,The People's Court - Season - 19 - Episode - 20,765,398:27:32,0:40:38,0:31:15,PE-2320,398.46,1.43%,$16.35
Nosey,The People's Court - Season - 21 - Episode - 4,841,395:55:53,0:42:11,0:28:15,PE-2304,395.93,1.42%,$16.24
Nosey,The People's Court - Season - 21 - Episode - 5,800,373:18:04,0:42:12,0:28:00,PE-2305,373.3,1.34%,$15.31
Nosey,The People's Court - Season - 19 - Episode - 21,673,364:05:42,0:40:50,0:32:28,PE-2321,364.1,1.30%,$14.94
Nosey,The People's Court - Season - 19 - Episode - 13,700,362:16:37,0:41:10,0:31:03,PE-2313,362.28,1.30%,$14.86
Nosey,The People's Court - Season - 19 - Episode - 12,697,360:23:30,0:40:59,0:31:01,PE-2312,360.39,1.29%,$14.78
Nosey,The Jerry Springer Show - Season - 7 - Episode - 75,663,354:20:48,0:40:45,0:32:04,JS-0139,354.35,1.27%,$14.54
Nosey,The People's Court - Season - 19 - Episode - 15,626,350:53:44,0:40:41,0:33:38,PE-2315,350.9,1.26%,$14.39
Nosey,The People's Court - Season - 19 - Episode - 14,603,345:25:01,0:40:59,0:34:22,PE-2314,345.42,1.24%,$14.17
Nosey,The People's Court - Season - 19 - Episode - 16,578,322:25:17,0:40:39,0:33:28,PE-2316,322.42,1.16%,$13.23
Nosey,The People's Court - Season - 19 - Episode - 22,577,307:58:48,0:38:02,0:32:02,PE-2322,307.98,1.10%,$12.63
Nosey,The People's Court - Season - 19 - Episode - 24,578,306:43:13,0:41:16,0:31:50,PE-2324,306.72,1.10%,$12.58
Nosey,The People's Court - Season - 19 - Episode - 23,564,306:09:18,0:41:12,0:32:34,PE-2323,306.16,1.10%,$12.56
Nosey,The People's Court - Season - 19 - Episode - 26,541,294:17:55,0:40:35,0:32:38,PE-2326,294.3,1.05%,$12.07
Nosey,The Jerry Springer Show - Season - 7 - Episode - 76,624,292:10:35,0:40:29,0:28:06,JS-0102,292.18,1.05%,$11.99
Nosey,The People's Court - Season - 19 - Episode - 25,523,269:05:43,0:40:50,0:30:52,PE-2325,269.1,0.96%,$11.04
Nosey,The Jerry Springer Show - Season - 7 - Episode - 79,497,258:08:18,0:40:21,0:31:10,JS-0103,258.14,0.93%,$10.59
Nosey,The Jerry Springer Show - Season - 7 - Episode - 79,458,256:55:49,0:40:36,0:33:40,JS-0130,256.93,0.92%,$10.54
Nosey,Karamo - Season - 1 - Episode - 1,730,249:48:03,0:41:13,0:20:32,KA-0606,249.8,0.90%,$10.25
Nosey,The Jerry Springer Show - Season - 7 - Episode - 89,379,204:27:45,0:39:58,0:32:22,JS-0105,204.46,0.73%,$8.39
Nosey,The Jerry Springer Show - Season - 7 - Episode - 81,415,201:27:32,0:39:25,0:29:08,JS-0104,201.46,0.72%,$8.26
Nosey,The Steve Wilkos Show - Season - 2 - Episode - 25,623,175:15:00,0:41:57,0:16:53,SW-1769,175.25,0.63%,$7.19
Nosey,The Jerry Springer Show - Season - 7 - Episode - 90,349,175:14:49,0:40:29,0:30:08,JS-0132,175.25,0.63%,$7.19
Nosey,Karamo - Season - 1 - Episode - 2,377,169:02:56,0:41:13,0:26:54,KA-0604,169.05,0.61%,$6.93
Nosey,The Steve Wilkos Show - Season - 7 - Episode - 45,442,155:27:16,0:39:44,0:21:06,SW-0745,155.45,0.56%,$6.38
Nosey,The Jerry Springer Show - Season - 7 - Episode - 92,314,152:27:31,0:40:38,0:29:08,JS-1716,152.46,0.55%,$6.25
Nosey,The Steve Wilkos Show - Season - 2 - Episode - 74,295,147:59:07,0:41:58,0:30:06,SW-1702,147.99,0.53%,$6.07
Nosey,The Steve Wilkos Show - Season - 2 - Episode - 41,327,146:50:01,0:41:22,0:26:57,SW-1792,146.83,0.53%,$6.02
Nosey,The Jerry Springer Show - Season - 7 - Episode - 94,276,145:23:27,0:40:40,0:31:36,JS-1717,145.39,0.52%,$5.96
Nosey,Karamo - Season - 1 - Episode - 3,284,139:32:05,0:41:11,0:29:29,KA-0603,139.53,0.50%,$5.72
Nosey,The Steve Wilkos Show - Season - 2 - Episode - 89,274,138:03:33,0:40:53,0:30:14,SW-1722,138.06,0.49%,$5.66
Nosey,The Jerry Springer Show - Season - 7 - Episode - 103,246,137:08:50,0:40:16,0:33:27,JS-0131,137.15,0.49%,$5.63
Nosey,The Jerry Springer Show - Season - 7 - Episode - 98,271,135:28:33,0:41:09,0:30:00,JS-1721,135.48,0.49%,$5.56
Nosey,The Jerry Springer Show - Season - 7 - Episode - 96,277,131:18:02,0:40:18,0:28:26,JS-1720,131.3,0.47%,$5.39
Nosey,Karamo - Season - 1 - Episode - 4,243,129:25:35,0:41:12,0:31:57,KA-0607,129.43,0.46%,$5.31
Nosey,Karamo - Season - 1 - Episode - 5,256,128:42:23,0:41:12,0:30:10,KA-0602,128.71,0.46%,$5.28
Nosey,The Steve Wilkos Show - Season - 2 - Episode - 93,216,120:20:32,0:40:58,0:33:26,SW-1721,120.34,0.43%,$4.94
Nosey,The Steve Wilkos Show - Season - 2 - Episode - 154,326,119:35:41,0:41:22,0:22:01,SW-1755,119.59,0.43%,$4.91
Nosey,The Jerry Springer Show - Season - 7 - Episode - 106,240,118:52:15,0:40:09,0:29:43,JS-0138,118.87,0.43%,$4.88
Nosey,The Jerry Springer Show - Season - 7 - Episode - 104,244,105:35:51,0:40:54,0:25:58,JS-0140,105.6,0.38%,$4.33
Nosey,Karamo - Season - 1 - Episode - 7,215,101:04:05,0:41:10,0:28:12,KA-0608,101.07,0.36%,$4.15
Nosey,The Jerry Springer Show - Season - 9 - Episode - 34,330,99:32:18,0:40:46,0:18:06,JS-1779,99.54,0.36%,$4.08
Nosey,The Steve Wilkos Show - Season - 2 - Episode - 115,170,97:11:06,0:41:05,0:34:18,SW-1735,97.19,0.35%,$3.99
Nosey,Maury - Season - 9 - Episode - 96,327,96:59:05,0:40:28,0:17:48,MS-0996,96.98,0.35%,$3.98
Nosey,The Steve Wilkos Show - Season - 2 - Episode - 96,204,96:43:02,0:39:16,0:28:27,SW-1729,96.72,0.35%,$3.97
Nosey,The Jerry Springer Show - Season - 20 - Episode - 96,311,95:16:29,0:38:54,0:18:23,JS-0199,95.27,0.34%,$3.91
Nosey,The Steve Wilkos Show - Season - 2 - Episode - 114,177,94:55:09,0:40:57,0:32:11,SW-1732,94.92,0.34%,$3.89
Nosey,The Steve Wilkos Show - Season - 7 - Episode - 31,192,93:33:22,0:39:29,0:29:14,SW-0731,93.56,0.34%,$3.84
Nosey,The Steve Wilkos Show - Season - 2 - Episode - 116,156,92:40:42,0:41:12,0:35:39,SW-1737,92.68,0.33%,$3.80
Nosey,Maury - Season - 11 - Episode - 32,210,87:57:59,0:39:28,0:25:08,MS-1132,87.97,0.32%,$3.61
Nosey,The Steve Wilkos Show - Season - 2 - Episode - 120,161,85:47:11,0:41:10,0:31:58,SW-1744,85.79,0.31%,$3.52
Nosey,Maury - Season - 11 - Episode - 33,205,85:41:20,0:39:15,0:25:05,MS-1133,85.69,0.31%,$3.52
Nosey,The Steve Wilkos Show - Season - 7 - Episode - 43,216,84:22:43,0:39:28,0:23:26,SW-0743,84.38,0.30%,$3.46
Nosey,The Steve Wilkos Show - Season - 2 - Episode - 118,158,81:57:49,0:41:10,0:31:08,SW-1741,81.96,0.29%,$3.36
Nosey,The Steve Wilkos Show - Season - 2 - Episode - 97,167,79:58:36,0:39:59,0:28:44,SW-1730,79.98,0.29%,$3.28
Nosey,Karamo - Season - 1 - Episode - 9,158,79:49:59,0:40:58,0:30:19,KA-0612,79.83,0.29%,$3.27
Nosey,Karamo - Season - 1 - Episode - 14,142,77:26:19,0:41:13,0:32:43,KA-0614,77.44,0.28%,$3.18
Nosey,Karamo - Season - 1 - Episode - 13,138,72:54:07,0:41:03,0:31:42,KA-0605,72.9,0.26%,$2.99
Nosey,Karamo - Season - 1 - Episode - 11,141,71:56:07,0:41:13,0:30:37,KA-0613,71.94,0.26%,$2.95
Nosey,Karamo - Season - 1 - Episode - 12,144,71:45:53,0:41:10,0:29:54,KA-0610,71.76,0.26%,$2.94
Nosey,The Steve Wilkos Show - Season - 7 - Episode - 39,153,68:51:06,0:39:13,0:27:00,SW-0739,68.85,0.25%,$2.82
Nosey,The Steve Wilkos Show - Season - 2 - Episode - 120,138,66:24:07,0:41:28,0:28:52,SW-1754,66.4,0.24%,$2.72
Nosey,Karamo - Season - 1 - Episode - 10,141,66:21:52,0:41:10,0:28:14,KA-0609,66.36,0.24%,$2.72
Nosey,Maury - Season - 11 - Episode - 37,140,65:39:58,0:38:39,0:28:09,MS-1137,65.67,0.24%,$2.69
Nosey,Karamo - Season - 1 - Episode - 15,121,65:27:26,0:41:12,0:32:27,KA-0616,65.46,0.23%,$2.69
Nosey,Maury - Season - 11 - Episode - 36,147,64:42:58,0:40:15,0:26:25,MS-1136,64.72,0.23%,$2.65
Nosey,Maury - Season - 14 - Episode - 145,193,63:04:08,0:39:39,0:19:36,MS-14145,63.07,0.23%,$2.59
Nosey,The Jerry Springer Show - Season - 17 - Episode - 26,185,60:15:21,0:40:27,0:19:33,JS-1772,60.26,0.22%,$2.47
Nosey,Maury - Season - 11 - Episode - 38,119,59:42:19,0:38:46,0:30:06,MS-1138,59.71,0.21%,$2.45
Nosey,The Steve Wilkos Show - Season - 2 - Episode - 139,113,57:21:33,0:41:19,0:30:27,SW-1748,57.36,0.21%,$2.35
Nosey,Karamo - Season - 1 - Episode - 16,118,56:30:45,0:41:04,0:28:44,KA-0618,56.51,0.20%,$2.32
Nosey,The Steve Wilkos Show - Season - 2 - Episode - 140,97,56:12:42,0:40:55,0:34:46,SW-1746,56.21,0.20%,$2.31
Nosey,The Steve Wilkos Show - Season - 6 - Episode - 19,115,55:47:51,0:39:34,0:29:07,SW-17110,55.8,0.20%,$2.29
Nosey,Karamo - Season - 1 - Episode - 17,111,55:42:08,0:41:14,0:30:07,KA-0617,55.7,0.20%,$2.29
Nosey,The Steve Wilkos Show - Season - 3 - Episode - 85,111,55:18:41,0:39:24,0:29:54,SW-1710,55.31,0.20%,$2.27
Nosey,The Steve Wilkos Show - Season - 3 - Episode - 13,120,55:07:32,0:40:30,0:27:34,SW-1766,55.13,0.20%,$2.26
Nosey,The Jerry Springer Show - Season - 19 - Episode - 130,145,53:05:28,0:38:42,0:21:58,JS-0172,53.09,0.19%,$2.18
Nosey,The Steve Wilkos Show - Season - 3 - Episode - 81,105,52:42:03,0:39:45,0:30:07,SW-1706,52.7,0.19%,$2.16
Nosey,The Steve Wilkos Show - Season - 6 - Episode - 2,152,51:03:32,0:38:34,0:20:09,SW-0602,51.06,0.18%,$2.09
Nosey,Karamo - Season - 1 - Episode - 18,94,49:57:29,0:41:02,0:31:53,KA-0620,49.96,0.18%,$2.05
Nosey,Maury - Season - 11 - Episode - 41,150,49:30:07,0:38:06,0:19:48,MS-1141,49.5,0.18%,$2.03
Nosey,Maury - Season - 11 - Episode - 45,142,49:19:21,0:40:16,0:20:50,MS-1145,49.32,0.18%,$2.02
Nosey,Maury - Season - 11 - Episode - 39,104,49:18:30,0:38:58,0:28:27,MS-1139,49.31,0.18%,$2.02
Nosey,The Jerry Springer Show - Season - 20 - Episode - 40,139,48:00:15,0:38:21,0:20:43,JS-0196,48,0.17%,$1.97
Nosey,Karamo - Season - 1 - Episode - 19,98,46:52:33,0:41:12,0:28:42,KA-0621,46.88,0.17%,$1.92
Nosey,The Steve Wilkos Show - Season - 3 - Episode - 86,99,46:44:10,0:39:50,0:28:19,SW-1711,46.74,0.17%,$1.92
Nosey,The Steve Wilkos Show - Season - 6 - Episode - 145,103,46:34:31,0:39:58,0:27:08,SW-17166,46.58,0.17%,$1.91
Nosey,The Steve Wilkos Show - Season - 3 - Episode - 46,103,46:26:32,0:39:38,0:27:03,SW-1793,46.44,0.17%,$1.91
Nosey,The Jerry Springer Show - Season - 9 - Episode - 16,128,45:50:27,0:39:50,0:21:29,JS-0137,45.84,0.16%,$1.88
Nosey,Maury - Season - 11 - Episode - 51,96,45:06:15,0:39:43,0:28:11,MS-1151,45.1,0.16%,$1.85
Nosey,The Steve Wilkos Show - Season - 6 - Episode - 24,100,45:06:14,0:38:32,0:27:04,SW-0634,45.1,0.16%,$1.85
Nosey,The Jerry Springer Show - Season - 9 - Episode - 31,113,45:03:29,0:40:36,0:23:55,JS-1775,45.06,0.16%,$1.85
Nosey,The Steve Wilkos Show - Season - 6 - Episode - 84,98,44:18:27,0:33:02,0:27:08,SW-0684,44.31,0.16%,$1.82
Nosey,The Jerry Springer Show - Season - 19 - Episode - 129,125,44:15:32,0:38:42,0:21:15,JS-0171,44.26,0.16%,$1.82
Nosey,The Steve Wilkos Show - Season - 3 - Episode - 91,98,44:09:14,0:39:47,0:27:02,SW-1714,44.15,0.16%,$1.81
Nosey,The Steve Wilkos Show - Season - 6 - Episode - 9,125,44:04:13,0:38:19,0:21:09,SW-0630,44.07,0.16%,$1.81
Nosey,Karamo - Season - 1 - Episode - 20,91,43:43:26,0:41:10,0:28:50,KA-0619,43.72,0.16%,$1.79
Nosey,The Jerry Springer Show - Season - 19 - Episode - 94,115,43:40:29,0:39:09,0:22:47,JS-0169,43.67,0.16%,$1.79
Nosey,Maury - Season - 11 - Episode - 78,90,43:30:44,0:40:00,0:29:00,MS-1178,43.51,0.16%,$1.78
Nosey,The Jerry Springer Show - Season - 8 - Episode - 32,106,43:18:00,0:39:36,0:24:31,JS-0158,43.3,0.16%,$1.78
Nosey,The Steve Wilkos Show - Season - 3 - Episode - 124,88,42:39:06,0:39:17,0:29:05,SW-1736,42.65,0.15%,$1.75
Nosey,Maury - Season - 11 - Episode - 85,77,40:27:53,0:39:07,0:31:32,MS-1185,40.46,0.15%,$1.66
Nosey,The Jerry Springer Show - Season - 10 - Episode - 15,81,39:17:33,0:40:29,0:29:06,JS-1771,39.29,0.14%,$1.61
Nosey,The Jerry Springer Show - Season - 9 - Episode - 33,101,39:17:03,0:39:43,0:23:20,JS-1778,39.28,0.14%,$1.61
Nosey,The Steve Wilkos Show - Season - 5 - Episode - 127,81,38:33:16,0:38:33,0:28:34,SW-05127,38.55,0.14%,$1.58
Nosey,The Steve Wilkos Show - Season - 3 - Episode - 125,68,38:27:32,0:39:18,0:33:56,SW-1738,38.46,0.14%,$1.58
Nosey,The Jerry Springer Show - Season - 9 - Episode - 148,92,37:33:51,0:40:07,0:24:30,JS-1756,37.56,0.13%,$1.54
Nosey,Maury - Season - 11 - Episode - 80,80,37:06:58,0:39:32,0:27:50,MS-1180,37.12,0.13%,$1.52
Nosey,The Steve Wilkos Show - Season - 6 - Episode - 31,92,36:57:59,0:32:11,0:24:07,SW-0631,36.97,0.13%,$1.52
Nosey,Karamo - Season - 1 - Episode - 55,119,36:51:20,0:41:10,0:18:35,KA-0648,36.86,0.13%,$1.51
Nosey,Maury - Season - 12 - Episode - 28,82,36:38:00,0:39:15,0:26:48,MS-1228,36.63,0.13%,$1.50
Nosey,The Jerry Springer Show - Season - 7 - Episode - 117,70,36:14:02,0:40:53,0:31:03,JS-1731,36.23,0.13%,$1.49
Nosey,The Steve Wilkos Show - Season - 6 - Episode - 118,81,36:05:12,0:38:34,0:26:44,SW-06118,36.09,0.13%,$1.48
Nosey,The Jerry Springer Show - Season - 9 - Episode - 30,130,36:05:08,0:36:21,0:16:39,JS-0176,36.09,0.13%,$1.48
Nosey,The Steve Wilkos Show - Season - 3 - Episode - 92,77,35:40:35,0:38:50,0:27:48,SW-1707,35.68,0.13%,$1.46
Nosey,Karamo - Season - 1 - Episode - 21,75,35:40:08,0:41:12,0:28:32,KA-0622,35.67,0.13%,$1.46
Nosey,The Steve Wilkos Show - Season - 6 - Episode - 41,80,35:24:07,0:39:25,0:26:33,SW-0641,35.4,0.13%,$1.45
Nosey,The Steve Wilkos Show - Season - 6 - Episode - 28,74,35:10:02,0:39:35,0:28:31,SW-17181,35.17,0.13%,$1.44
Nosey,The Steve Wilkos Show - Season - 6 - Episode - 25,91,35:02:44,0:38:58,0:23:06,SW-0616,35.05,0.13%,$1.44
Nosey,Maury - Season - 11 - Episode - 83,84,34:44:55,0:39:52,0:24:49,MS-1183,34.75,0.12%,$1.43
Nosey,Karamo - Season - 1 - Episode - 22,59,34:20:12,0:41:13,0:34:55,KA-0624,34.34,0.12%,$1.41
Nosey,The Steve Wilkos Show - Season - 6 - Episode - 115,87,34:13:53,0:39:45,0:23:36,SW-17118,34.23,0.12%,$1.40
Nosey,Maury - Season - 11 - Episode - 82,77,34:09:16,0:38:34,0:26:37,MS-1182,34.15,0.12%,$1.40
Nosey,Karamo - Season - 1 - Episode - 25,83,34:01:02,0:40:30,0:24:35,KA-0626,34.02,0.12%,$1.40
Nosey,The Steve Wilkos Show - Season - 3 - Episode - 127,61,33:13:08,0:38:45,0:32:40,SW-1742,33.22,0.12%,$1.36
Nosey,The Jerry Springer Show - Season - 7 - Episode - 124,63,33:03:14,0:40:28,0:31:29,JS-1724,33.05,0.12%,$1.36
Nosey,The Jerry Springer Show - Season - 12 - Episode - 38,103,33:01:26,0:40:25,0:19:14,JS-1786,33.02,0.12%,$1.35
Nosey,The Steve Wilkos Show - Season - 3 - Episode - 126,57,32:45:37,0:38:15,0:34:29,SW-1740,32.76,0.12%,$1.34
Nosey,The Steve Wilkos Show - Season - 3 - Episode - 132,56,32:42:56,0:39:33,0:35:03,SW-1750,32.72,0.12%,$1.34
Nosey,The Jerry Springer Show - Season - 10 - Episode - 136,84,32:33:56,0:40:03,0:23:16,JS-1744,32.57,0.12%,$1.34
Nosey,The Steve Wilkos Show - Season - 3 - Episode - 130,60,32:33:22,0:39:35,0:32:33,SW-1747,32.56,0.12%,$1.34
Nosey,Karamo - Season - 1 - Episode - 56,121,32:18:06,0:41:01,0:16:01,KA-0659,32.3,0.12%,$1.33
Nosey,The Jerry Springer Show - Season - 9 - Episode - 41,95,32:03:09,0:40:42,0:20:15,JS-0177,32.05,0.11%,$1.31
Nosey,Maury - Season - 12 - Episode - 29,77,31:35:41,0:38:56,0:24:37,MS-1229,31.59,0.11%,$1.30
Nosey,The Steve Wilkos Show - Season - 6 - Episode - 114,71,31:34:40,0:39:07,0:26:41,SW-17135,31.58,0.11%,$1.30
Nosey,The Jerry Springer Show - Season - 7 - Episode - 119,64,31:29:52,0:41:03,0:29:32,JS-1730,31.5,0.11%,$1.29
Nosey,The Steve Wilkos Show - Season - 4 - Episode - 37,55,31:20:14,0:39:26,0:34:11,SW-0437,31.34,0.11%,$1.29
Nosey,Karamo - Season - 1 - Episode - 23,59,31:16:08,0:40:40,0:31:48,KA-0623,31.27,0.11%,$1.28
Nosey,The Jerry Springer Show - Season - 10 - Episode - 3,87,31:08:25,0:40:30,0:21:29,JS-1767,31.14,0.11%,$1.28
Nosey,The Steve Wilkos Show - Season - 6 - Episode - 26,81,30:54:16,0:39:17,0:22:54,SW-17180,30.9,0.11%,$1.27
Nosey,The Jerry Springer Show - Season - 10 - Episode - 21,76,30:30:40,0:40:17,0:24:05,JS-1774,30.51,0.11%,$1.25
Nosey,The Jerry Springer Show - Season - 8 - Episode - 14,62,30:30:27,0:40:15,0:29:31,JS-17102,30.51,0.11%,$1.25
Nosey,Maury - Season - 14 - Episode - 118,78,30:26:18,0:39:13,0:23:25,MS-14118,30.44,0.11%,$1.25
Nosey,The Steve Wilkos Show - Season - 6 - Episode - 47,60,30:16:29,0:39:11,0:30:16,SW-0647,30.27,0.11%,$1.24
Nosey,The Jerry Springer Show - Season - 8 - Episode - 23,63,30:04:44,0:40:51,0:28:39,JS-0157,30.08,0.11%,$1.23
Nosey,The Steve Wilkos Show - Season - 6 - Episode - 87,75,30:04:23,0:39:19,0:24:04,SW-0687,30.07,0.11%,$1.23
Nosey,The Jerry Springer Show - Season - 7 - Episode - 137,59,29:56:45,0:39:12,0:30:27,JS-0143,29.95,0.11%,$1.23
Nosey,Karamo - Season - 1 - Episode - 24,76,29:49:06,0:40:09,0:23:32,KA-0627,29.82,0.11%,$1.22
Nosey,The Steve Wilkos Show - Season - 6 - Episode - 122,71,29:30:10,0:39:17,0:24:56,SW-06122,29.5,0.11%,$1.21
Nosey,The Steve Wilkos Show - Season - 5 - Episode - 92,67,29:15:23,0:34:23,0:26:12,SW-0592,29.26,0.10%,$1.20
Nosey,The Jerry Springer Show - Season - 7 - Episode - 130,69,29:10:47,0:39:55,0:25:22,JS-0141,29.18,0.10%,$1.20
Nosey,The Steve Wilkos Show - Season - 4 - Episode - 57,75,29:10:02,0:39:11,0:23:20,SW-17103,29.17,0.10%,$1.20
Nosey,Karamo - Season - 1 - Episode - 27,63,29:09:16,0:41:10,0:27:46,KA-0628,29.15,0.10%,$1.20
Nosey,The Steve Wilkos Show - Season - 6 - Episode - 98,64,29:06:04,0:39:27,0:27:17,SW-17149,29.1,0.10%,$1.19
Nosey,The Steve Wilkos Show - Season - 6 - Episode - 45,67,29:03:14,0:38:51,0:26:01,SW-0637,29.05,0.10%,$1.19
Nosey,The Steve Wilkos Show - Season - 4 - Episode - 1,74,29:02:23,0:35:08,0:23:33,SW-0401,29.04,0.10%,$1.19
Nosey,The Steve Wilkos Show - Season - 4 - Episode - 45,59,28:49:34,0:38:52,0:29:19,SW-0445,28.83,0.10%,$1.18
Nosey,The Steve Wilkos Show - Season - 6 - Episode - 68,66,28:40:58,0:38:40,0:26:05,SW-17152,28.68,0.10%,$1.18
Nosey,Maury - Season - 14 - Episode - 115,75,28:38:14,0:39:19,0:22:55,MS-14115,28.64,0.10%,$1.17
Nosey,The Steve Wilkos Show - Season - 3 - Episode - 93,57,28:28:54,0:39:02,0:29:59,SW-1708,28.48,0.10%,$1.17
Nosey,The Jerry Springer Show - Season - 9 - Episode - 35,77,28:16:50,0:40:35,0:22:02,JS-1780,28.28,0.10%,$1.16
Nosey,Karamo - Season - 1 - Episode - 30,56,28:02:08,0:41:10,0:30:02,KA-0631,28.04,0.10%,$1.15
Nosey,The Steve Wilkos Show - Season - 5 - Episode - 121,65,27:35:36,0:38:55,0:25:28,SW-05121,27.59,0.10%,$1.13
Nosey,Maury - Season - 14 - Episode - 120,66,27:30:29,0:38:52,0:25:00,MS-14120,27.51,0.10%,$1.13
Nosey,The Steve Wilkos Show - Season - 6 - Episode - 27,63,27:25:04,0:38:58,0:26:07,SW-17154,27.42,0.10%,$1.12
Nosey,The Jerry Springer Show - Season - 10 - Episode - 5,79,27:07:29,0:40:02,0:20:36,JS-1768,27.12,0.10%,$1.11
Nosey,Maury - Season - 12 - Episode - 30,84,27:05:58,0:38:44,0:19:21,MS-1230,27.1,0.10%,$1.11
Nosey,The Jerry Springer Show - Season - 9 - Episode - 38,72,26:46:44,0:40:18,0:22:19,JS-1782,26.78,0.10%,$1.10
Nosey,Karamo - Season - 1 - Episode - 31,55,26:44:50,0:41:10,0:29:11,KA-0615,26.75,0.10%,$1.10
Nosey,The Steve Wilkos Show - Season - 6 - Episode - 81,51,26:35:19,0:39:15,0:31:17,SW-17170,26.59,0.10%,$1.09
Nosey,The Steve Wilkos Show - Season - 4 - Episode - 15,44,25:51:20,0:38:43,0:35:15,SW-0433,25.86,0.09%,$1.06
Nosey,The Steve Wilkos Show - Season - 6 - Episode - 107,72,25:50:23,0:39:23,0:21:32,SW-17120,25.84,0.09%,$1.06
Nosey,The Jerry Springer Show - Season - 10 - Episode - 50,70,25:42:45,0:40:39,0:22:02,JS-17139,25.71,0.09%,$1.05
Nosey,The Steve Wilkos Show - Season - 4 - Episode - 75,53,25:37:11,0:39:14,0:29:00,SW-0479,25.62,0.09%,$1.05
Nosey,The Steve Wilkos Show - Season - 6 - Episode - 56,53,25:31:21,0:39:33,0:28:54,SW-17111,25.52,0.09%,$1.05
Nosey,Maury - Season - 12 - Episode - 32,54,25:30:17,0:38:07,0:28:20,MS-1232,25.5,0.09%,$1.05
Nosey,The Steve Wilkos Show - Season - 6 - Episode - 112,55,25:23:27,0:39:49,0:27:42,SW-17131,25.39,0.09%,$1.04
Nosey,Karamo - Season - 1 - Episode - 39,50,25:18:32,0:41:09,0:30:22,KA-0641,25.31,0.09%,$1.04
Nosey,The Steve Wilkos Show - Season - 6 - Episode - 109,67,25:15:36,0:39:27,0:22:37,SW-17134,25.26,0.09%,$1.04
Nosey,Karamo - Season - 1 - Episode - 28,54,25:09:28,0:41:10,0:27:57,KA-0629,25.16,0.09%,$1.03
Nosey,The Jerry Springer Show - Season - 8 - Episode - 24,65,25:05:08,0:39:49,0:23:09,JS-0159,25.09,0.09%,$1.03
Nosey,Maury - Season - 14 - Episode - 123,71,24:57:45,0:39:09,0:21:06,MS-14123,24.96,0.09%,$1.02
Nosey,The Jerry Springer Show - Season - 9 - Episode - 37,75,24:56:51,0:40:29,0:19:57,JS-1781,24.95,0.09%,$1.02
Nosey,The Jerry Springer Show - Season - 7 - Episode - 141,61,24:51:58,0:40:25,0:24:28,JS-0144,24.87,0.09%,$1.02
Nosey,The Jerry Springer Show - Season - 8 - Episode - 15,47,24:51:35,0:41:15,0:31:44,JS-17103,24.86,0.09%,$1.02
Nosey,Karamo - Season - 1 - Episode - 26,52,24:51:01,0:41:01,0:28:40,KA-0625,24.85,0.09%,$1.02
Nosey,The Jerry Springer Show - Season - 10 - Episode - 49,80,24:50:13,0:40:16,0:18:38,JS-17148,24.84,0.09%,$1.02
Nosey,The Steve Wilkos Show - Season - 6 - Episode - 42,62,24:45:46,0:32:08,0:23:58,SW-0642,24.76,0.09%,$1.02
Nosey,The Jerry Springer Show - Season - 7 - Episode - 150,44,24:29:44,0:40:12,0:33:24,JS-0142,24.5,0.09%,$1.00
Nosey,Maury - Season - 14 - Episode - 122,61,24:03:22,0:38:57,0:23:40,MS-14122,24.06,0.09%,$0.99
Nosey,Maury - Season - 12 - Episode - 35,55,24:00:12,0:39:13,0:26:11,MS-1235,24,0.09%,$0.98
Nosey,The Steve Wilkos Show - Season - 4 - Episode - 92,53,23:55:42,0:39:21,0:27:05,SW-0492,23.93,0.09%,$0.98
Nosey,The Jerry Springer Show - Season - 11 - Episode - 11,63,23:40:00,0:40:39,0:22:32,JS-1765,23.67,0.08%,$0.97
Nosey,The Jerry Springer Show - Season - 8 - Episode - 141,51,23:37:15,0:41:06,0:27:47,JS-1741,23.62,0.08%,$0.97
Nosey,The Steve Wilkos Show - Season - 4 - Episode - 105,48,23:28:43,0:39:17,0:29:21,SW-04120,23.48,0.08%,$0.96
Nosey,The Jerry Springer Show - Season - 8 - Episode - 159,49,23:24:54,0:39:37,0:28:40,JS-1761,23.42,0.08%,$0.96
Nosey,Karamo - Season - 1 - Episode - 40,55,23:06:12,0:41:10,0:25:12,KA-0636,23.1,0.08%,$0.95
Nosey,The Jerry Springer Show - Season - 9 - Episode - 39,72,22:58:24,0:40:14,0:19:09,JS-1783,22.97,0.08%,$0.94
Nosey,Maury - Season - 12 - Episode - 34,60,22:56:28,0:38:42,0:22:56,MS-1234,22.94,0.08%,$0.94
Nosey,The Jerry Springer Show - Season - 8 - Episode - 41,63,22:50:53,0:39:54,0:21:46,JS-0152,22.85,0.08%,$0.94
Nosey,Karamo - Season - 1 - Episode - 36,40,22:25:23,0:41:10,0:33:38,KA-0637,22.42,0.08%,$0.92
Nosey,The Steve Wilkos Show - Season - 3 - Episode - 150,42,22:14:59,0:39:22,0:31:47,SW-1752,22.25,0.08%,$0.91
Nosey,Karamo - Season - 1 - Episode - 54,46,22:04:58,0:41:11,0:28:48,KA-0658,22.08,0.08%,$0.91
Nosey,The Jerry Springer Show - Season - 10 - Episode - 25,61,21:44:26,0:40:39,0:21:23,JS-1777,21.74,0.08%,$0.89
Nosey,The Steve Wilkos Show - Season - 4 - Episode - 117,49,21:36:57,0:37:55,0:26:28,SW-04117,21.62,0.08%,$0.89
Nosey,Karamo - Season - 1 - Episode - 41,52,21:35:33,0:41:10,0:24:55,KA-0644,21.59,0.08%,$0.89
Nosey,Karamo - Season - 1 - Episode - 37,39,21:31:41,0:41:09,0:33:07,KA-0639,21.53,0.08%,$0.88
Nosey,Maury - Season - 12 - Episode - 79,58,21:28:36,0:38:19,0:22:13,MS-1279,21.48,0.08%,$0.88
Nosey,The Steve Wilkos Show - Season - 4 - Episode - 63,48,21:03:44,0:38:43,0:26:20,SW-17100,21.06,0.08%,$0.86
Nosey,Maury - Season - 12 - Episode - 38,41,20:52:36,0:39:13,0:30:33,MS-1238,20.88,0.07%,$0.86
Nosey,The Steve Wilkos Show - Season - 3 - Episode - 148,43,20:41:30,0:38:38,0:28:52,SW-1756,20.69,0.07%,$0.85
Nosey,Karamo - Season - 1 - Episode - 29,48,20:23:58,0:40:37,0:25:30,KA-0630,20.4,0.07%,$0.84
Nosey,The Jerry Springer Show - Season - 8 - Episode - 97,60,20:18:45,0:40:48,0:20:19,JS-0133,20.31,0.07%,$0.83
Nosey,The Jerry Springer Show - Season - 7 - Episode - 159,42,20:16:18,0:39:52,0:28:58,JS-0117,20.27,0.07%,$0.83
Nosey,The Jerry Springer Show - Season - 8 - Episode - 103,49,20:05:55,0:39:01,0:24:37,JS-17104,20.1,0.07%,$0.82
Nosey,Maury - Season - 12 - Episode - 39,47,20:04:13,0:39:08,0:25:37,MS-1239,20.07,0.07%,$0.82
Nosey,The Jerry Springer Show - Season - 8 - Episode - 44,37,20:01:25,0:39:43,0:32:28,JS-0160,20.02,0.07%,$0.82
Nosey,Maury - Season - 12 - Episode - 37,46,19:51:57,0:39:06,0:25:55,MS-1237,19.87,0.07%,$0.81
Nosey,Maury - Season - 12 - Episode - 82,46,19:49:39,0:39:36,0:25:52,MS-1282,19.83,0.07%,$0.81
Nosey,The Jerry Springer Show - Season - 10 - Episode - 20,61,19:47:46,0:40:14,0:19:28,JS-1773,19.8,0.07%,$0.81
Nosey,The Jerry Springer Show - Season - 8 - Episode - 158,41,19:44:52,0:39:04,0:28:54,JS-1760,19.75,0.07%,$0.81
Nosey,Karamo - Season - 1 - Episode - 38,44,19:44:44,0:41:09,0:26:56,KA-0640,19.75,0.07%,$0.81
Nosey,Karamo - Season - 1 - Episode - 53,48,19:27:03,0:41:11,0:24:19,KA-0656,19.45,0.07%,$0.80
Nosey,Maury - Season - 12 - Episode - 40,45,19:24:20,0:37:44,0:25:52,MS-1240,19.41,0.07%,$0.80
Nosey,The Steve Wilkos Show - Season - 4 - Episode - 136,41,19:20:43,0:39:16,0:28:19,SW-04118,19.35,0.07%,$0.79
Nosey,The Jerry Springer Show - Season - 7 - Episode - 178,42,19:17:06,0:40:14,0:27:33,JS-0150,19.29,0.07%,$0.79
Nosey,The Jerry Springer Show - Season - 8 - Episode - 153,53,19:14:18,0:40:26,0:21:47,JS-1758,19.24,0.07%,$0.79
Nosey,The Jerry Springer Show - Season - 8 - Episode - 17,49,18:55:21,0:40:40,0:23:10,JS-0155,18.92,0.07%,$0.78
Nosey,Maury - Season - 12 - Episode - 80,50,18:35:26,0:39:32,0:22:19,MS-1280,18.59,0.07%,$0.76
Nosey,Maury - Season - 12 - Episode - 41,39,18:25:46,0:39:23,0:28:21,MS-1241,18.43,0.07%,$0.76
Nosey,The Jerry Springer Show - Season - 7 - Episode - 164,54,18:16:51,0:40:08,0:20:19,JS-0145,18.28,0.07%,$0.75
Nosey,Karamo - Season - 1 - Episode - 42,35,18:03:06,0:41:10,0:30:57,KA-0643,18.05,0.06%,$0.74
Nosey,Karamo - Season - 1 - Episode - 43,31,17:59:29,0:41:10,0:34:49,KA-0642,17.99,0.06%,$0.74
Nosey,The Jerry Springer Show - Season - 8 - Episode - 104,46,17:58:45,0:40:26,0:23:27,JS-17105,17.98,0.06%,$0.74
Nosey,The Steve Wilkos Show - Season - 3 - Episode - 155,47,17:54:34,0:39:41,0:22:52,SW-1759,17.91,0.06%,$0.73
Nosey,Karamo - Season - 1 - Episode - 49,34,17:51:41,0:41:10,0:31:31,KA-0649,17.86,0.06%,$0.73
Nosey,The Jerry Springer Show - Season - 8 - Episode - 54,48,17:38:42,0:39:04,0:22:03,JS-0136,17.65,0.06%,$0.72
Nosey,The Jerry Springer Show - Season - 8 - Episode - 154,43,17:27:55,0:37:49,0:24:22,JS-1759,17.47,0.06%,$0.72
Nosey,The Jerry Springer Show - Season - 8 - Episode - 115,40,17:14:33,0:40:41,0:25:52,JS-17116,17.24,0.06%,$0.71
Nosey,Maury - Season - 12 - Episode - 44,40,16:48:01,0:37:49,0:25:12,MS-1244,16.8,0.06%,$0.69
Nosey,Maury - Season - 13 - Episode - 91,48,16:31:45,0:38:59,0:20:40,MS-1391,16.53,0.06%,$0.68
Nosey,Karamo - Season - 1 - Episode - 48,37,16:20:44,0:41:10,0:26:30,KA-0651,16.35,0.06%,$0.67
Nosey,Maury - Season - 13 - Episode - 74,40,16:18:38,0:39:42,0:24:28,MS-1374,16.31,0.06%,$0.67
Nosey,Maury - Season - 13 - Episode - 82,43,16:17:06,0:39:22,0:22:43,MS-1382,16.29,0.06%,$0.67
Nosey,Maury - Season - 13 - Episode - 39,49,16:06:07,0:39:04,0:19:43,MS-1339,16.1,0.06%,$0.66
Nosey,Maury - Season - 12 - Episode - 116,46,15:47:46,0:39:19,0:20:36,MS-12116,15.8,0.06%,$0.65
Nosey,Maury - Season - 12 - Episode - 89,39,15:43:53,0:39:11,0:24:12,MS-1289,15.73,0.06%,$0.65
Nosey,Maury - Season - 12 - Episode - 84,38,15:36:37,0:39:19,0:24:39,MS-1284,15.61,0.06%,$0.64
Nosey,Karamo - Season - 1 - Episode - 51,46,15:22:12,0:41:10,0:20:03,KA-0654,15.37,0.06%,$0.63
Nosey,Karamo - Season - 1 - Episode - 50,30,15:17:20,0:41:10,0:30:35,KA-0650,15.29,0.05%,$0.63
Nosey,Maury - Season - 12 - Episode - 85,33,15:00:37,0:39:45,0:27:17,MS-1285,15.01,0.05%,$0.62
Nosey,Maury - Season - 13 - Episode - 46,37,14:51:07,0:39:58,0:24:05,MS-1346,14.85,0.05%,$0.61
Nosey,Karamo - Season - 1 - Episode - 46,37,14:12:36,0:41:10,0:23:03,KA-0646,14.21,0.05%,$0.58
Nosey,The Jerry Springer Show - Season - 8 - Episode - 91,37,14:11:58,0:37:35,0:23:02,JS-0129,14.2,0.05%,$0.58
Nosey,Maury - Season - 13 - Episode - 76,35,14:09:01,0:39:25,0:24:15,MS-1376,14.15,0.05%,$0.58
Nosey,Maury - Season - 13 - Episode - 89,34,14:01:44,0:39:21,0:24:45,MS-1389,14.03,0.05%,$0.58
Nosey,Karamo - Season - 1 - Episode - 47,31,13:50:15,0:41:10,0:26:47,KA-0655,13.84,0.05%,$0.57
Nosey,Karamo - Season - 1 - Episode - 45,26,13:41:35,0:40:58,0:31:36,KA-0638,13.69,0.05%,$0.56
Nosey,Karamo - Season - 1 - Episode - 52,31,13:39:43,0:41:11,0:26:27,KA-0657,13.66,0.05%,$0.56
Nosey,Karamo - Season - 1 - Episode - 44,25,13:37:10,0:41:10,0:32:41,KA-0645,13.62,0.05%,$0.56
Nosey,Maury - Season - 12 - Episode - 88,34,12:38:20,0:39:25,0:22:18,MS-1288,12.64,0.05%,$0.52
Nosey,Maury - Season - 13 - Episode - 92,28,12:10:54,0:39:35,0:26:06,MS-1392,12.18,0.04%,$0.50
Nosey,Maury - Season - 12 - Episode - 90,36,10:59:15,0:39:01,0:18:19,MS-1290,10.99,0.04%,$0.45
Nosey,Judge Dad - Season - 1 - Episode - 1,55,8:13:52,0:20:48,0:08:59,JD-0101,8.23,0.03%,$0.34
Nosey,Judge Mom - Season - 2 - Episode - 2,18,6:43:53,0:28:36,0:22:26,JM-0202,6.73,0.02%,$0.28
Nosey,Judge Dad - Season - 1 - Episode - 3,21,5:56:56,0:28:39,0:17:00,JD-0103,5.95,0.02%,$0.24
Nosey,Judge Dad - Season - 1 - Episode - 2,24,5:50:58,0:22:50,0:14:37,JD-0102,5.85,0.02%,$0.24
Nosey,Judge Dad - Season - 1 - Episode - 4,17,5:11:49,0:24:57,0:18:21,JD-0104,5.2,0.02%,$0.21
Nosey,Judge Dad - Season - 1 - Episode - 5,18,4:36:57,0:24:40,0:15:23,JD-0105,4.62,0.02%,$0.19
Nosey,Judge Mom - Season - 2 - Episode - 1,22,4:34:59,0:25:38,0:12:30,JM-0201,4.58,0.02%,$0.19
Nosey,Judge Mom - Season - 2 - Episode - 3,16,4:31:17,0:25:31,0:16:57,JM-0203,4.52,0.02%,$0.19
Nosey,Judge Dad - Season - 1 - Episode - 10,10,4:15:53,0:29:31,0:25:35,JD-0110,4.26,0.02%,$0.17
Nosey,Judge Dad - Season - 1 - Episode - 8,9,4:11:06,0:29:55,0:27:54,JD-0108,4.19,0.01%,$0.17
Nosey,Judge Mom - Season - 2 - Episode - 4,13,3:55:06,0:26:56,0:18:05,JM-0204,3.92,0.01%,$0.16
Nosey,Judge Dad - Season - 1 - Episode - 6,15,3:54:59,0:22:04,0:15:40,JD-0106,3.92,0.01%,$0.16
Nosey,Judge Mom - Season - 2 - Episode - 5,11,3:48:11,0:24:11,0:20:45,JM-0205,3.8,0.01%,$0.16
Nosey,Judge Dad - Season - 1 - Episode - 13,11,3:36:12,0:25:43,0:19:39,JD-0113,3.6,0.01%,$0.15
Nosey,Judge Mom - Season - 2 - Episode - 7,11,3:29:52,0:23:09,0:19:05,JM-0207,3.5,0.01%,$0.14
Nosey,Judge Mom - Season - 2 - Episode - 8,8,3:28:32,0:28:41,0:26:04,JM-0208,3.48,0.01%,$0.14
Nosey,Judge Mom - Season - 2 - Episode - 6,11,3:24:04,0:22:07,0:18:33,JM-0206,3.4,0.01%,$0.14
Nosey,Judge Dad - Season - 1 - Episode - 12,10,3:16:42,0:23:55,0:19:40,JD-0112,3.28,0.01%,$0.13
Nosey,Judge Dad - Season - 1 - Episode - 14,11,3:06:19,0:22:10,0:16:56,JD-0114,3.11,0.01%,$0.13
Nosey,Judge Dad - Season - 1 - Episode - 9,10,3:00:33,0:21:15,0:18:03,JD-0109,3.01,0.01%,$0.12
Nosey,Judge Mom - Season - 3 - Episode - 1,10,2:52:14,0:22:52,0:17:13,JM-0301,2.87,0.01%,$0.12
Nosey,Judge Dad - Season - 1 - Episode - 7,12,2:50:52,0:20:01,0:14:14,JD-0107,2.85,0.01%,$0.12
Nosey,Judge Mom - Season - 2 - Episode - 9,13,2:50:01,0:22:19,0:13:05,JM-0209,2.83,0.01%,$0.12
Nosey,Judge Mom - Season - 3 - Episode - 7,9,2:44:17,0:22:51,0:18:15,JM-0307,2.74,0.01%,$0.11
Nosey,Judge Mom - Season - 3 - Episode - 6,8,2:43:44,0:22:52,0:20:28,JM-0306,2.73,0.01%,$0.11
Nosey,Judge Mom - Season - 3 - Episode - 8,9,2:39:28,0:22:51,0:17:43,JM-0308,2.66,0.01%,$0.11
Nosey,Judge Dad - Season - 1 - Episode - 15,10,2:33:34,0:22:08,0:15:21,JD-0115,2.56,0.01%,$0.10
Nosey,Judge Mom - Season - 3 - Episode - 11,8,2:21:07,0:22:51,0:17:38,JM-0311,2.35,0.01%,$0.10
Nosey,Judge Mom - Season - 3 - Episode - 9,7,2:17:29,0:22:52,0:19:38,JM-0309,2.29,0.01%,$0.09
Nosey,Judge Mom - Season - 3 - Episode - 10,7,2:17:14,0:22:52,0:19:36,JM-0310,2.29,0.01%,$0.09
Nosey,Judge Mom - Season - 2 - Episode - 10,8,2:13:57,0:21:42,0:16:45,JM-0210,2.23,0.01%,$0.09
Nosey,Judge Dad - Season - 1 - Episode - 11,8,2:05:19,0:18:51,0:15:40,JD-0111,2.09,0.01%,$0.09
Nosey,Judge Mom - Season - 3 - Episode - 2,9,2:04:32,0:22:52,0:13:50,JM-0302,2.08,0.01%,$0.09
Nosey,Judge Mom - Season - 3 - Episode - 12,8,1:59:37,0:22:50,0:14:57,JM-0312,1.99,0.01%,$0.08
Nosey,Judge Mom - Season - 3 - Episode - 5,8,1:58:54,0:22:52,0:14:52,JM-0305,1.98,0.01%,$0.08
Nosey,Judge Mom - Season - 3 - Episode - 4,7,1:57:27,0:22:51,0:16:47,JM-0304,1.96,0.01%,$0.08
Nosey,Judge Mom - Season - 3 - Episode - 3,7,1:55:04,0:22:52,0:16:26,JM-0303,1.92,0.01%,$0.08
Nosey,Judge Dad - Season - 3 - Episode - 15,5,1:54:41,0:22:16,0:22:56,JD-0315,1.91,0.01%,$0.08
Nosey,Judge Mom - Season - 3 - Episode - 14,6,1:47:23,0:22:52,0:17:54,JM-0314,1.79,0.01%,$0.07
Nosey,Judge Mom - Season - 3 - Episode - 13,7,1:45:10,0:22:52,0:15:01,JM-0313,1.75,0.01%,$0.07
Nosey,Judge Dad - Season - 2 - Episode - 1,11,1:37:42,0:22:14,0:08:53,JD-0201,1.63,0.01%,$0.07
Nosey,Judge Dad - Season - 2 - Episode - 3,8,1:32:52,0:20:16,0:11:37,JD-0203,1.55,0.01%,$0.06
Nosey,Judge Dad - Season - 2 - Episode - 2,10,1:32:47,0:21:25,0:09:17,JD-0202,1.55,0.01%,$0.06
Nosey,Judge Dad - Season - 2 - Episode - 10,4,1:13:21,0:21:42,0:18:20,JD-0210,1.22,0.00%,$0.05
Nosey,Judge Dad - Season - 2 - Episode - 4,6,1:13:08,0:20:06,0:12:11,JD-0204,1.22,0.00%,$0.05
Nosey,Judge Dad - Season - 2 - Episode - 5,7,1:10:39,0:21:58,0:10:06,JD-0205,1.18,0.00%,$0.05
Nosey,Judge Dad - Season - 2 - Episode - 6,6,1:03:00,0:21:07,0:10:30,JD-0206,1.05,0.00%,$0.04
Nosey,Judge Dad - Season - 2 - Episode - 7,3,1:02:46,0:20:05,0:20:55,JD-0207,1.05,0.00%,$0.04
Nosey,Judge Dad - Season - 3 - Episode - 7,3,0:50:26,0:24:58,0:16:49,JD-0307,0.84,0.00%,$0.03
Nosey,Judge Dad - Season - 3 - Episode - 8,3,0:46:53,0:22:53,0:15:38,JD-0308,0.78,0.00%,$0.03
Nosey,Judge Dad - Season - 3 - Episode - 6,3,0:45:46,0:21:57,0:15:15,JD-0306,0.76,0.00%,$0.03
Nosey,Judge Dad - Season - 3 - Episode - 1,6,0:44:22,0:20:03,0:07:24,JD-0301,0.74,0.00%,$0.03
Nosey,Judge Dad - Season - 3 - Episode - 2,3,0:34:39,0:22:08,0:11:33,JD-0302,0.58,0.00%,$0.02
Nosey,Judge Dad - Season - 2 - Episode - 8,4,0:30:36,0:21:16,0:07:39,JD-0208,0.51,0.00%,$0.02
Nosey,Judge Dad - Season - 3 - Episode - 11,2,0:28:09,0:25:31,0:14:05,JD-0311,0.47,0.00%,$0.02
Nosey,Judge Dad - Season - 3 - Episode - 12,1,0:27:23,0:25:43,0:27:23,JD-0312,0.46,0.00%,$0.02
Nosey,Judge Dad - Season - 3 - Episode - 14,2,0:25:38,0:23:12,0:12:49,JD-0314,0.43,0.00%,$0.02
Nosey,Judge Dad - Season - 3 - Episode - 4,2,0:25:17,0:22:26,0:12:39,JD-0304,0.42,0.00%,$0.02
Nosey,Judge Dad - Season - 3 - Episode - 3,3,0:25:01,0:22:58,0:08:20,JD-0303,0.42,0.00%,$0.02
Nosey,Judge Dad - Season - 3 - Episode - 5,5,0:24:54,0:21:14,0:04:59,JD-0305,0.42,0.00%,$0.02
Nosey,Judge Dad - Season - 2 - Episode - 9,3,0:24:13,0:21:21,0:08:04,JD-0209,0.4,0.00%,$0.02
Nosey,Judge Dad - Season - 3 - Episode - 9,5,0:23:45,0:20:44,0:04:45,JD-0309,0.4,0.00%,$0.02
Nosey,Judge Dad - Season - 3 - Episode - 13,5,0:22:40,0:20:10,0:04:32,JD-0313,0.38,0.00%,$0.02
Nosey,Judge Dad - Season - 3 - Episode - 10,2,0:21:54,0:21:51,0:10:57,JD-0310,0.37,0.00%,$0.01
,,,,,,,"27,904.73",100.00%,"$1,144.73"